{
  "experiment": "criterion_ablation",
  "n_per_condition": 30,
  "alpha": 0.05,
  "correction": "holm_bonferroni",
  "significant_count": 7,
  "total_comparisons": 7,
  "comparisons": [
    {
      "condition": "no_metabolism",
      "n_normal": 30,
      "n_ablated": 30,
      "normal_mean": 348.8666666666667,
      "ablation_mean": 46.13333333333333,
      "normal_dist": {
        "median": 349.5,
        "q25": 335.0,
        "q75": 363.5,
        "mean": 348.8666666666667,
        "std": 30.309590303529607
      },
      "ablation_dist": {
        "median": 46.0,
        "q25": 45.0,
        "q75": 47.0,
        "mean": 46.13333333333333,
        "std": 1.676065452868369
      },
      "U": 900.0,
      "p_raw": 1.3386958914987016e-11,
      "cohens_d": 14.1037,
      "cohens_d_ci_lo": 11.432,
      "cohens_d_ci_hi": 16.7754,
      "cliffs_delta": 1.0,
      "cliffs_delta_ci_lo": 1.0,
      "cliffs_delta_ci_hi": 1.0,
      "normal_auc_mean": 516327.5,
      "ablation_auc_mean": 94098.33,
      "normal_median_lifespan": 244.0,
      "ablation_median_lifespan": 1091.5,
      "p_corrected": 0.0,
      "significant": true
    },
    {
      "condition": "no_boundary",
      "n_normal": 30,
      "n_ablated": 30,
      "normal_mean": 348.8666666666667,
      "ablation_mean": 226.66666666666666,
      "normal_dist": {
        "median": 349.5,
        "q25": 335.0,
        "q75": 363.5,
        "mean": 348.8666666666667,
        "std": 30.309590303529607
      },
      "ablation_dist": {
        "median": 225.0,
        "q25": 210.5,
        "q75": 251.25,
        "mean": 226.66666666666666,
        "std": 40.61198509471475
      },
      "U": 897.5,
      "p_raw": 1.9345525026638206e-11,
      "cohens_d": 3.4103,
      "cohens_d_ci_lo": 2.5924,
      "cohens_d_ci_hi": 4.2281,
      "cliffs_delta": 0.9944,
      "cliffs_delta_ci_lo": 0.9756,
      "cliffs_delta_ci_hi": 1.0,
      "normal_auc_mean": 516327.5,
      "ablation_auc_mean": 348760.83,
      "normal_median_lifespan": 244.0,
      "ablation_median_lifespan": 271.0,
      "p_corrected": 0.0,
      "significant": true
    },
    {
      "condition": "no_homeostasis",
      "n_normal": 30,
      "n_ablated": 30,
      "normal_mean": 348.8666666666667,
      "ablation_mean": 169.03333333333333,
      "normal_dist": {
        "median": 349.5,
        "q25": 335.0,
        "q75": 363.5,
        "mean": 348.8666666666667,
        "std": 30.309590303529607
      },
      "ablation_dist": {
        "median": 180.5,
        "q25": 141.25,
        "q75": 230.5,
        "mean": 169.03333333333333,
        "std": 78.17464238897213
      },
      "U": 900.0,
      "p_raw": 1.505203685481544e-11,
      "cohens_d": 3.0333,
      "cohens_d_ci_lo": 2.2684,
      "cohens_d_ci_hi": 3.7981,
      "cliffs_delta": 1.0,
      "cliffs_delta_ci_lo": 1.0,
      "cliffs_delta_ci_hi": 1.0,
      "normal_auc_mean": 516327.5,
      "ablation_auc_mean": 251446.67,
      "normal_median_lifespan": 244.0,
      "ablation_median_lifespan": 280.0,
      "p_corrected": 0.0,
      "significant": true
    },
    {
      "condition": "no_response",
      "n_normal": 30,
      "n_ablated": 30,
      "normal_mean": 348.8666666666667,
      "ablation_mean": 39.96666666666667,
      "normal_dist": {
        "median": 349.5,
        "q25": 335.0,
        "q75": 363.5,
        "mean": 348.8666666666667,
        "std": 30.309590303529607
      },
      "ablation_dist": {
        "median": 39.5,
        "q25": 37.0,
        "q75": 42.75,
        "mean": 39.96666666666667,
        "std": 4.029916858330638
      },
      "U": 900.0,
      "p_raw": 1.4752754838937186e-11,
      "cohens_d": 14.2872,
      "cohens_d_ci_lo": 11.582,
      "cohens_d_ci_hi": 16.9924,
      "cliffs_delta": 1.0,
      "cliffs_delta_ci_lo": 1.0,
      "cliffs_delta_ci_hi": 1.0,
      "normal_auc_mean": 516327.5,
      "ablation_auc_mean": 117708.33,
      "normal_median_lifespan": 244.0,
      "ablation_median_lifespan": 152.0,
      "p_corrected": 0.0,
      "significant": true
    },
    {
      "condition": "no_reproduction",
      "n_normal": 30,
      "n_ablated": 30,
      "normal_mean": 348.8666666666667,
      "ablation_mean": 31.166666666666668,
      "normal_dist": {
        "median": 349.5,
        "q25": 335.0,
        "q75": 363.5,
        "mean": 348.8666666666667,
        "std": 30.309590303529607
      },
      "ablation_dist": {
        "median": 31.5,
        "q25": 29.0,
        "q75": 33.75,
        "mean": 31.166666666666668,
        "std": 3.524136806352026
      },
      "U": 900.0,
      "p_raw": 1.4614344017769948e-11,
      "cohens_d": 14.7244,
      "cohens_d_ci_lo": 11.9394,
      "cohens_d_ci_hi": 17.5093,
      "cliffs_delta": 1.0,
      "cliffs_delta_ci_lo": 1.0,
      "cliffs_delta_ci_hi": 1.0,
      "normal_auc_mean": 516327.5,
      "ablation_auc_mean": 74504.17,
      "normal_median_lifespan": 244.0,
      "ablation_median_lifespan": 752.0,
      "p_corrected": 0.0,
      "significant": true
    },
    {
      "condition": "no_evolution",
      "n_normal": 30,
      "n_ablated": 30,
      "normal_mean": 348.8666666666667,
      "ablation_mean": 321.76666666666665,
      "normal_dist": {
        "median": 349.5,
        "q25": 335.0,
        "q75": 363.5,
        "mean": 348.8666666666667,
        "std": 30.309590303529607
      },
      "ablation_dist": {
        "median": 323.5,
        "q25": 289.25,
        "q75": 354.25,
        "mean": 321.76666666666665,
        "std": 38.893917025792035
      },
      "U": 626.0,
      "p_raw": 0.004727683105791351,
      "cohens_d": 0.7772,
      "cohens_d_ci_lo": 0.2406,
      "cohens_d_ci_hi": 1.3139,
      "cliffs_delta": 0.3911,
      "cliffs_delta_ci_lo": 0.1066,
      "cliffs_delta_ci_hi": 0.6412,
      "normal_auc_mean": 516327.5,
      "ablation_auc_mean": 473908.33,
      "normal_median_lifespan": 244.0,
      "ablation_median_lifespan": 225.0,
      "p_corrected": 0.004728,
      "significant": true
    },
    {
      "condition": "no_growth",
      "n_normal": 30,
      "n_ablated": 30,
      "normal_mean": 348.8666666666667,
      "ablation_mean": 188.8,
      "normal_dist": {
        "median": 349.5,
        "q25": 335.0,
        "q75": 363.5,
        "mean": 348.8666666666667,
        "std": 30.309590303529607
      },
      "ablation_dist": {
        "median": 187.5,
        "q25": 178.25,
        "q75": 201.0,
        "mean": 188.8,
        "std": 18.460395632178408
      },
      "U": 900.0,
      "p_raw": 1.502374570335007e-11,
      "cohens_d": 6.3786,
      "cohens_d_ci_lo": 5.0853,
      "cohens_d_ci_hi": 7.6718,
      "cliffs_delta": 1.0,
      "cliffs_delta_ci_lo": 1.0,
      "cliffs_delta_ci_hi": 1.0,
      "normal_auc_mean": 516327.5,
      "ablation_auc_mean": 302002.5,
      "normal_median_lifespan": 244.0,
      "ablation_median_lifespan": 108.0,
      "p_corrected": 0.0,
      "significant": true
    }
  ],
  "short_horizon": {
    "step": 500,
    "comparisons": [
      {
        "condition": "no_metabolism",
        "normal_mean_500": 179.77,
        "ablation_mean_500": 49.53,
        "U": 900.0,
        "p_raw": 4.635351846910467e-12,
        "p_corrected": 0.0,
        "significant": true
      },
      {
        "condition": "no_boundary",
        "normal_mean_500": 179.77,
        "ablation_mean_500": 120.97,
        "U": 855.5,
        "p_raw": 1.0571435628216767e-09,
        "p_corrected": 0.0,
        "significant": true
      },
      {
        "condition": "no_homeostasis",
        "normal_mean_500": 179.77,
        "ablation_mean_500": 86.73,
        "U": 896.0,
        "p_raw": 2.2397064766825528e-11,
        "p_corrected": 0.0,
        "significant": true
      },
      {
        "condition": "no_response",
        "normal_mean_500": 179.77,
        "ablation_mean_500": 62.47,
        "U": 900.0,
        "p_raw": 1.4743490375889124e-11,
        "p_corrected": 0.0,
        "significant": true
      },
      {
        "condition": "no_reproduction",